ObjectName;MAss(volume);X;Y;Z;
?thickness:8;333921.28; 75.5333333333333;  52.8;  0;
?thickness:8;627504.924444444; 445.133333333333;  -49.1333333333333;  0;
